Category,Manufacturer,Model,Body Type,2024 (1Y),2023 (2Y),2022 (3Y),2021 (4Y),2020 (5Y),2019 (6Y),2018 (7Y),2017 (8Y),2016 (9Y),2015 (10Y),2014 (11Y),2013 (12Y),2012 (13Y),2011 (14Y)
Bus,AL,AL - AC Bus (30-40 seater - Staff Bus),AC - Staff Bus,₹ 24.01 L,₹ 21.61 L,₹ 19.95 L,₹ 18.29 L,₹ 16.63 L,₹ 14.96 L,₹ 13.63 L,₹ 12.30 L,₹ 10.97 L,₹ 9.64 L,₹ 7.65 L,₹ 6.65 L,₹ 5.65 L,₹ 4.66 L
Bus,AL,AL HCV - Bus (40-50 seat),Route Permit / Staff / School Bus,₹ 26.07 L,₹ 23.47 L,₹ 21.66 L,₹ 19.86 L,₹ 18.05 L,₹ 16.25 L,₹ 14.80 L,₹ 13.00 L,₹ 11.19 L,₹ 9.75 L,₹ 8.30 L,₹ 6.86 L,₹ 5.78 L,₹ 5.05 L
Bus,AL,AL HCV - Luxury Seating coach Bus (40-50 seat),AC Seater Coach Bus,₹ 37.74 L,₹ 33.96 L,₹ 31.35 L,₹ 28.74 L,₹ 26.13 L,₹ 23.51 L,₹ 21.42 L,₹ 18.81 L,₹ 16.20 L,₹ 14.11 L,₹ 12.02 L,₹ 9.93 L,₹ 8.36 L,₹ 7.32 L
Bus,AL,AL HCV - Luxury Seating coach Bus (40-50 seat),Non AC Seater Coach Bus,₹ 30.88 L,₹ 27.79 L,₹ 25.65 L,₹ 23.51 L,₹ 21.38 L,₹ 19.24 L,₹ 17.53 L,₹ 15.39 L,₹ 13.25 L,₹ 11.54 L,₹ 9.83 L,₹ 8.12 L,₹ 6.84 L,₹ 5.99 L
Bus,AL,AL HCV - Luxury Sleeper coach Bus (30-40 seat),AC Sleeper Coach Bus,₹ 41.17 L,₹ 37.05 L,₹ 34.20 L,₹ 31.35 L,₹ 28.50 L,₹ 25.65 L,₹ 23.37 L,₹ 20.52 L,₹ 17.67 L,₹ 15.39 L,₹ 13.11 L,₹ 10.83 L,₹ 9.12 L,₹ 7.98 L
Bus,AL,AL HCV - Luxury Sleeper coach Bus (30-40 seat),Non AC Sleeper Coach Bus,₹ 37.74 L,₹ 33.96 L,₹ 31.35 L,₹ 28.74 L,₹ 26.13 L,₹ 23.51 L,₹ 21.42 L,₹ 18.81 L,₹ 16.20 L,₹ 14.11 L,₹ 12.02 L,₹ 9.93 L,₹ 8.36 L,₹ 7.32 L
Bus,AL,AL Lynx - ICV Bus (25-25 seater),Route Permit / Staff / School Bus,₹ 20.58 L,₹ 18.53 L,₹ 17.10 L,₹ 15.68 L,₹ 14.25 L,₹ 12.83 L,₹ 11.69 L,₹ 10.26 L,₹ 8.84 L,₹ 7.70 L,₹ 6.56 L,₹ 5.42 L,₹ 4.56 L,₹ 3.99 L
Bus,Eicher,Eicher - 31 to 40 seater Route / Staff / School Bus,Route Permit / Staff / School Bus,₹ 18.47 L,₹ 16.63 L,₹ 15.44 L,₹ 14.25 L,₹ 13.06 L,₹ 11.88 L,₹ 10.69 L,₹ 9.50 L,₹ 8.31 L,₹ 7.13 L,₹ 5.94 L,₹ 4.99 L,₹ 4.28 L,₹ 3.56 L
Bus,Eicher,Eicher - 20 to 30 seater Route / Staff / School Bus,Route Permit / Staff / School Bus,₹ 16.99 L,₹ 15.30 L,₹ 14.20 L,₹ 13.11 L,₹ 12.02 L,₹ 10.93 L,₹ 9.83 L,₹ 8.74 L,₹ 7.65 L,₹ 6.56 L,₹ 5.46 L,₹ 4.59 L,₹ 3.93 L,₹ 3.28 L
Bus,Eicher,Eicher - 41 to 50 seater Route / Staff / School Bus,Route Permit / Staff / School Bus,₹ 20.69 L,₹ 18.62 L,₹ 17.29 L,₹ 15.96 L,₹ 14.63 L,₹ 13.30 L,₹ 11.97 L,₹ 10.64 L,₹ 9.31 L,₹ 7.98 L,₹ 6.65 L,₹ 5.59 L,₹ 4.79 L,₹ 3.99 L
Bus,Eicher,Eicher - AC Bus (30-40 seater - Staff Bus),AC - Staff Bus,₹ 26.07 L,₹ 23.47 L,₹ 21.66 L,₹ 19.86 L,₹ 18.05 L,₹ 16.25 L,₹ 14.80 L,₹ 13.36 L,₹ 11.91 L,₹ 10.47 L,₹ 8.30 L,₹ 7.22 L,₹ 6.14 L,₹ 5.05 L
Bus,Force Traveller,Force / Tempo Traveller - (13-15 Seater) Bus,Route Permit / Staff / School Bus,₹ 13.68 L,₹ 12.31 L,₹ 11.80 L,₹ 11.12 L,₹ 10.43 L,₹ 9.92 L,₹ 9.23 L,₹ 8.55 L,₹ 8.04 L,₹ 7.18 L,₹ 6.50 L,₹ 5.13 L,₹ 4.62 L,₹ 3.93 L
Bus,Force Traveller,Force / Tempo Traveller - (16-20 Seater) bus,Route Permit / Staff / School Bus,₹ 15.96 L,₹ 14.36 L,₹ 13.77 L,₹ 12.97 L,₹ 12.17 L,₹ 11.57 L,₹ 10.77 L,₹ 9.98 L,₹ 9.38 L,₹ 8.38 L,₹ 7.58 L,₹ 5.99 L,₹ 5.39 L,₹ 4.59 L
Bus,Force Traveller,Force / Tempo Traveller - (21-25) Seater bus,Route Permit / Staff / School Bus,₹ 18.24 L,₹ 16.42 L,₹ 15.73 L,₹ 14.82 L,₹ 13.91 L,₹ 13.22 L,₹ 12.31 L,₹ 11.40 L,₹ 10.72 L,₹ 9.58 L,₹ 8.66 L,₹ 6.84 L,₹ 6.16 L,₹ 5.24 L
Bus,M & M,M&M - 12 to 20 seater bus,Route Permit / Staff / School Bus,₹ 12.35 L,₹ 11.12 L,₹ 10.26 L,₹ 9.41 L,₹ 8.55 L,₹ 7.70 L,₹ 7.01 L,₹ 6.33 L,₹ 5.64 L,₹ 4.96 L,₹ 4.10 L,₹ 3.59 L,₹ 3.08 L,₹ 2.74 L
Bus,M & M,M&M - 21 to 30 seater bus,Route Permit / Staff / School Bus,₹ 15.09 L,₹ 13.59 L,₹ 12.54 L,₹ 11.50 L,₹ 10.45 L,₹ 9.41 L,₹ 8.57 L,₹ 7.73 L,₹ 6.90 L,₹ 6.06 L,₹ 5.02 L,₹ 4.39 L,₹ 3.76 L,₹ 3.34 L
Bus,M & M,M&M - 31 to 40 seater bus,Route Permit / Staff / School Bus,₹ 17.15 L,₹ 15.44 L,₹ 14.25 L,₹ 13.06 L,₹ 11.88 L,₹ 10.69 L,₹ 9.74 L,₹ 8.79 L,₹ 7.84 L,₹ 6.89 L,₹ 5.70 L,₹ 4.99 L,₹ 4.28 L,₹ 3.80 L
Bus,SML,SM - AC Bus (30-40 seater - Staff Bus),AC - Staff Bus,₹ 24.70 L,₹ 22.23 L,₹ 20.52 L,₹ 18.81 L,₹ 17.10 L,₹ 15.39 L,₹ 14.02 L,₹ 12.65 L,₹ 11.29 L,₹ 9.92 L,₹ 7.87 L,₹ 6.84 L,₹ 5.81 L,₹ 4.79 L
Bus,SML,SM - Bus - 20 to 30 seater Route / Staff / School bus,Route Permit / Staff / School Bus,₹ 16.99 L,₹ 15.30 L,₹ 14.20 L,₹ 13.11 L,₹ 12.02 L,₹ 10.93 L,₹ 9.83 L,₹ 8.74 L,₹ 7.65 L,₹ 6.56 L,₹ 5.46 L,₹ 4.59 L,₹ 3.93 L,₹ 3.28 L
Bus,SML,SM - Bus - 31 to 40 seater Route / Staff / School bus,Route Permit / Staff / School Bus,₹ 19.21 L,₹ 17.29 L,₹ 16.06 L,₹ 14.82 L,₹ 13.59 L,₹ 12.35 L,₹ 11.12 L,₹ 9.88 L,₹ 8.65 L,₹ 7.41 L,₹ 6.18 L,₹ 5.19 L,₹ 4.45 L,₹ 3.71 L
Bus,SML,SM - Bus - 41 to 50 seater Route / Staff / School bus,Route Permit / Staff / School Bus,₹ 21.43 L,₹ 19.29 L,₹ 17.91 L,₹ 16.53 L,₹ 15.15 L,₹ 13.78 L,₹ 12.40 L,₹ 11.02 L,₹ 9.64 L,₹ 8.27 L,₹ 6.89 L,₹ 5.79 L,₹ 4.96 L,₹ 4.13 L
Bus,Tata,LP 1109 / 1112 / LPO - 10.2 - (25 - 35 seat) Bus,Route Permit / Staff / School Bus,₹ 21.27 L,₹ 19.14 L,₹ 17.67 L,₹ 16.20 L,₹ 14.73 L,₹ 13.25 L,₹ 12.07 L,₹ 10.90 L,₹ 9.72 L,₹ 8.54 L,₹ 7.07 L,₹ 6.18 L,₹ 5.30 L,₹ 4.71 L
Bus,Tata,LP 407 / 410 / 412 - Cityride /Starbus /SKL Bus,Route Permit / Staff / School Bus,₹ 15.09 L,₹ 13.59 L,₹ 12.54 L,₹ 11.50 L,₹ 10.45 L,₹ 9.41 L,₹ 8.57 L,₹ 7.73 L,₹ 6.90 L,₹ 6.06 L,₹ 5.02 L,₹ 4.39 L,₹ 3.76 L,₹ 3.34 L
Bus,Tata,LP 709 / 710 / 712 - Cityride /Starbus /SKL Bus,Route Permit / Staff / School Bus,₹ 17.84 L,₹ 16.06 L,₹ 14.82 L,₹ 13.59 L,₹ 12.35 L,₹ 11.12 L,₹ 10.13 L,₹ 9.14 L,₹ 8.15 L,₹ 7.16 L,₹ 5.93 L,₹ 5.19 L,₹ 4.45 L,₹ 3.95 L
Bus,Tata,LP 810 / 812 / 909 / 912 - Cityride /Starbus /SKL Bus,Route Permit / Staff / School Bus,₹ 19.90 L,₹ 17.91 L,₹ 16.53 L,₹ 15.15 L,₹ 13.78 L,₹ 12.40 L,₹ 11.30 L,₹ 10.19 L,₹ 9.09 L,₹ 7.99 L,₹ 6.61 L,₹ 5.79 L,₹ 4.96 L,₹ 4.41 L
Bus,Tata,Tata - AC Bus (30-40 seater - Staff Bus),AC - Staff Bus,₹ 25.39 L,₹ 22.85 L,₹ 21.09 L,₹ 19.33 L,₹ 17.58 L,₹ 15.82 L,₹ 14.41 L,₹ 13.01 L,₹ 11.60 L,₹ 10.19 L,₹ 8.08 L,₹ 7.03 L,₹ 5.98 L,₹ 4.92 L
Bus,Tata,Tata HCV - Luxury Sleeper coach Bus (30 - 40 seat),AC Sleeper Coach Bus,₹ 37.91 L,₹ 34.11 L,₹ 31.41 L,₹ 28.70 L,₹ 25.99 L,₹ 23.28 L,₹ 21.12 L,₹ 18.41 L,₹ 15.70 L,₹ 13.54 L,₹ 11.37 L,₹ 9.75 L,₹ 8.12 L,₹ 7.04 L
Bus,Tata,Tata HCV - Bus (40-50 seat),Route Permit / Staff / School Bus,₹ 25.27 L,₹ 22.74 L,₹ 20.94 L,₹ 19.13 L,₹ 17.33 L,₹ 15.52 L,₹ 14.08 L,₹ 12.27 L,₹ 10.47 L,₹ 9.03 L,₹ 7.58 L,₹ 6.50 L,₹ 5.42 L,₹ 4.69 L
Bus,Tata,Tata HCV - Luxury Seating coach Bus (40 - 50 seat),AC Seater Coach Bus,₹ 34.58 L,₹ 31.12 L,₹ 28.65 L,₹ 26.18 L,₹ 23.71 L,₹ 21.24 L,₹ 19.27 L,₹ 16.80 L,₹ 14.33 L,₹ 12.35 L,₹ 10.37 L,₹ 8.89 L,₹ 7.41 L,₹ 6.42 L
Bus,Tata,Tata HCV - Luxury Seating coach Bus (40 - 50 seat),Non AC Seater Coach Bus,₹ 29.93 L,₹ 26.93 L,₹ 24.80 L,₹ 22.66 L,₹ 20.52 L,₹ 18.38 L,₹ 16.67 L,₹ 14.54 L,₹ 12.40 L,₹ 10.69 L,₹ 8.98 L,₹ 7.70 L,₹ 6.41 L,₹ 5.56 L
Bus,Tata,Tata HCV - Luxury Sleeper coach Bus (30 - 40 seat),Non AC Sleeper Coach Bus,₹ 34.58 L,₹ 31.12 L,₹ 28.65 L,₹ 26.18 L,₹ 23.71 L,₹ 21.24 L,₹ 19.27 L,₹ 16.80 L,₹ 14.33 L,₹ 12.35 L,₹ 10.37 L,₹ 8.89 L,₹ 7.41 L,₹ 6.42 L
HCV,AL,AL 4825 / 4830,Goods,₹ 40.28 L,₹ 36.25 L,₹ 34.24 L,₹ 32.22 L,₹ 30.21 L,—,—,—,—,—,—,—,—,—
HCV,AL,AL 4825 / 4830,MS Tanker / Bulker / Container,₹ 41.97 L,₹ 37.77 L,₹ 35.64 L,₹ 33.52 L,₹ 31.39 L,—,—,—,—,—,—,—,—,—
HCV,AL,AL 4825 / 4830,SS Tanker / Gas Tanker,₹ 46.55 L,₹ 41.90 L,₹ 39.50 L,₹ 37.11 L,₹ 34.71 L,—,—,—,—,—,—,—,—,—
HCV,AL,HCV AL - 2820 / 2523 / 2825,Goods,₹ 27.36 L,₹ 24.62 L,₹ 23.26 L,₹ 21.89 L,₹ 20.52 L,—,—,—,—,—,—,—,—,—
HCV,AL,HCV AL - 2820 / 2523 / 2825,MS Tanker / Bulker / Container,₹ 28.48 L,₹ 25.63 L,₹ 24.19 L,₹ 22.74 L,₹ 21.30 L,—,—,—,—,—,—,—,—,—
HCV,AL,HCV AL - 2820 / 2523 / 2825,SS Tanker / Gas Tanker,₹ 31.03 L,₹ 27.93 L,₹ 26.33 L,₹ 24.74 L,₹ 23.14 L,—,—,—,—,—,—,—,—,—
HCV,AL,HCV AL - 3118,Goods,—,—,—,—,₹ 21.55 L,₹ 20.18 L,₹ 18.81 L,₹ 17.78 L,₹ 16.42 L,₹ 15.05 L,₹ 14.02 L,₹ 11.29 L,₹ 8.89 L,₹ 6.84 L
HCV,AL,HCV AL - 3118,MS Tanker / Bulker / Container,—,—,—,—,₹ 22.38 L,₹ 20.94 L,₹ 19.49 L,₹ 18.41 L,₹ 16.97 L,₹ 15.52 L,₹ 14.44 L,₹ 11.55 L,₹ 9.03 L,₹ 6.86 L
HCV,AL,HCV AL - 3118,SS Tanker / Gas Tanker,—,—,—,—,₹ 24.92 L,₹ 23.28 L,₹ 21.65 L,₹ 20.43 L,₹ 18.79 L,₹ 17.16 L,₹ 15.93 L,₹ 12.66 L,₹ 9.80 L,₹ 7.35 L
HCV,AL,HCV AL - 3520 / 3518,Goods,₹ 32.68 L,₹ 29.41 L,₹ 27.78 L,₹ 26.14 L,₹ 24.51 L,—,—,—,—,—,—,—,—,—
HCV,AL,HCV AL - 3520 / 3518,MS Tanker / Bulker / Container,₹ 33.73 L,₹ 30.35 L,₹ 28.64 L,₹ 26.93 L,₹ 25.22 L,—,—,—,—,—,—,—,—,—
HCV,AL,HCV AL - 3520 / 3518,SS Tanker / Gas Tanker,₹ 36.94 L,₹ 33.25 L,₹ 31.35 L,₹ 29.45 L,₹ 27.55 L,—,—,—,—,—,—,—,—,—
HCV,AL,HCV AL - 4220 / 4225 / 4218 / 4120 / 4123,Goods,₹ 36.48 L,₹ 32.83 L,₹ 31.01 L,₹ 29.18 L,₹ 27.36 L,—,—,—,—,—,—,—,—,—
HCV,AL,HCV AL - 4220 / 4225 / 4218 / 4120 / 4123,MS Tanker / Bulker / Container,₹ 38.22 L,₹ 34.40 L,₹ 32.46 L,₹ 30.52 L,₹ 28.59 L,—,—,—,—,—,—,—,—,—
HCV,AL,HCV AL - 4220 / 4225 / 4218 / 4120 / 4123,SS Tanker / Gas Tanker,₹ 42.86 L,₹ 38.57 L,₹ 36.37 L,₹ 34.16 L,₹ 31.96 L,—,—,—,—,—,—,—,—,—
HCV,AL,HCV AL - 2214 / 2515 / 2516 / 2518,Goods,—,—,—,—,₹ 17.10 L,₹ 16.53 L,₹ 15.68 L,₹ 14.82 L,₹ 13.11 L,₹ 11.97 L,₹ 10.55 L,₹ 8.27 L,₹ 6.27 L,₹ 5.13 L
HCV,AL,HCV AL - 2214 / 2515 / 2516 / 2518,MS Tanker / Bulker / Container,—,—,—,—,₹ 17.94 L,₹ 17.33 L,₹ 16.42 L,₹ 15.50 L,₹ 13.68 L,₹ 12.46 L,₹ 10.94 L,₹ 8.51 L,₹ 6.38 L,₹ 5.17 L
HCV,AL,HCV AL - 2214 / 2515 / 2516 / 2518,SS Tanker / Gas Tanker,—,—,—,—,₹ 19.84 L,₹ 19.15 L,₹ 18.13 L,₹ 17.10 L,₹ 15.05 L,₹ 13.68 L,₹ 11.97 L,₹ 9.23 L,₹ 6.84 L,₹ 5.47 L
HCV,AL,HCV AL - 3116 / 3123,Goods,—,—,—,—,₹ 18.47 L,₹ 17.10 L,₹ 16.07 L,₹ 15.05 L,₹ 14.02 L,₹ 12.65 L,₹ 10.26 L,₹ 9.23 L,₹ 7.52 L,₹ 6.16 L
HCV,AL,HCV AL - 3116 / 3123,MS Tanker / Bulker / Container,—,—,—,—,₹ 19.13 L,₹ 17.69 L,₹ 16.61 L,₹ 15.52 L,₹ 14.44 L,₹ 13.00 L,₹ 10.47 L,₹ 9.39 L,₹ 7.94 L,₹ 6.50 L
HCV,AL,HCV AL - 3116 / 3123,SS Tanker / Gas Tanker,—,—,—,—,₹ 21.24 L,₹ 19.61 L,₹ 18.38 L,₹ 17.16 L,₹ 15.93 L,₹ 14.30 L,₹ 11.44 L,₹ 10.21 L,₹ 8.58 L,₹ 6.94 L
HCV,AL,HCV AL - 3718 / AL 3723 / 4123 / 4223,Goods,—,—,—,—,₹ 26.60 L,₹ 25.08 L,₹ 23.56 L,₹ 21.28 L,₹ 19.38 L,₹ 17.48 L,₹ 15.96 L,—,—,—
HCV,AL,HCV AL - 3718 / AL 3723 / 4123 / 4223,MS Tanker / Bulker / Container,—,—,—,—,₹ 27.78 L,₹ 26.14 L,₹ 24.51 L,₹ 22.06 L,₹ 20.02 L,₹ 17.97 L,₹ 16.34 L,—,—,—
HCV,AL,HCV AL - 3718 / AL 3723 / 4123 / 4223,SS Tanker / Gas Tanker,—,—,—,—,₹ 31.35 L,₹ 29.45 L,₹ 27.55 L,₹ 24.70 L,₹ 22.33 L,₹ 19.95 L,₹ 18.05 L,—,—,—
HCV,Bharat Benz,HCV - 3523 R / 3823 R,Goods,₹ 30.86 L,₹ 27.78 L,₹ 25.74 L,₹ 23.69 L,₹ 21.65 L,—,—,—,—,—,—,—,—,—
HCV,Bharat Benz,HCV - 3523 R / 3823 R,MS Tanker / Bulker / Container,₹ 32.30 L,₹ 29.07 L,₹ 26.93 L,₹ 24.80 L,₹ 22.66 L,—,—,—,—,—,—,—,—,—
HCV,Bharat Benz,HCV - 3523 R / 3823 R,SS Tanker / Gas Tanker,₹ 35.89 L,₹ 32.30 L,₹ 29.93 L,₹ 27.55 L,₹ 25.18 L,—,—,—,—,—,—,—,—,—
HCV,Bharat Benz,HCV - 4228 R,Goods,₹ 34.45 L,₹ 31.01 L,₹ 28.73 L,₹ 26.45 L,₹ 24.17 L,—,—,—,—,—,—,—,—,—
HCV,Bharat Benz,HCV - 4228 R,MS Tanker / Bulker / Container,₹ 36.61 L,₹ 32.95 L,₹ 30.52 L,₹ 28.10 L,₹ 25.68 L,—,—,—,—,—,—,—,—,—
HCV,Bharat Benz,HCV - 4228 R,SS Tanker / Gas Tanker,₹ 41.63 L,₹ 37.47 L,₹ 34.71 L,₹ 31.96 L,₹ 29.20 L,—,—,—,—,—,—,—,—,—
HCV,Bharat Benz,HCV - 4828 R,Goods,₹ 38.04 L,₹ 34.24 L,₹ 31.72 L,₹ 29.20 L,₹ 26.69 L,—,—,—,—,—,—,—,—,—
HCV,Bharat Benz,HCV - 4828 R,MS Tanker / Bulker / Container,₹ 40.20 L,₹ 36.18 L,₹ 33.52 L,₹ 30.86 L,₹ 28.20 L,—,—,—,—,—,—,—,—,—
HCV,Bharat Benz,HCV - 4828 R,SS Tanker / Gas Tanker,₹ 45.22 L,₹ 40.70 L,₹ 37.71 L,₹ 34.71 L,₹ 31.72 L,—,—,—,—,—,—,—,—,—
HCV,Bharat Benz,HCV - R 2523,Goods,—,—,—,—,₹ 15.20 L,₹ 13.68 L,₹ 12.16 L,₹ 10.64 L,₹ 9.42 L,₹ 8.21 L,₹ 6.99 L,₹ 6.08 L,₹ 5.17 L,₹ 4.26 L
HCV,Bharat Benz,HCV - R 2523,MS Tanker / Bulker / Container,—,—,—,—,₹ 15.83 L,₹ 14.21 L,₹ 12.60 L,₹ 10.98 L,₹ 9.69 L,₹ 8.40 L,₹ 7.11 L,₹ 6.14 L,₹ 5.49 L,₹ 4.52 L
HCV,Bharat Benz,HCV - R 2523,SS Tanker / Gas Tanker,—,—,—,—,₹ 17.33 L,₹ 15.52 L,₹ 13.72 L,₹ 11.91 L,₹ 10.47 L,₹ 9.03 L,₹ 7.58 L,₹ 6.50 L,₹ 5.78 L,₹ 4.69 L
HCV,Bharat Benz,HCV - R 2623 / R-2823,Goods,₹ 25.84 L,₹ 23.26 L,₹ 21.55 L,₹ 19.84 L,₹ 18.13 L,—,—,—,—,—,—,—,—,—
HCV,Bharat Benz,HCV - R 2623 / R-2823,MS Tanker / Bulker / Container,₹ 27.28 L,₹ 24.55 L,₹ 22.74 L,₹ 20.94 L,₹ 19.13 L,—,—,—,—,—,—,—,—,—
HCV,Bharat Benz,HCV - R 2623 / R-2823,SS Tanker / Gas Tanker,₹ 30.15 L,₹ 27.13 L,₹ 25.14 L,₹ 23.14 L,₹ 21.15 L,—,—,—,—,—,—,—,—,—
HCV,Bharat Benz,HCV - R 3123 / R 3128,Goods,—,—,—,—,₹ 18.53 L,₹ 16.67 L,₹ 14.82 L,₹ 12.97 L,₹ 11.49 L,₹ 10.00 L,₹ 8.52 L,₹ 7.41 L,₹ 6.30 L,₹ 5.19 L
HCV,Bharat Benz,HCV - R 3123 / R 3128,MS Tanker / Bulker / Container,—,—,—,—,₹ 19.09 L,₹ 17.14 L,₹ 15.19 L,₹ 13.24 L,₹ 11.69 L,₹ 10.13 L,₹ 8.57 L,₹ 7.40 L,₹ 6.62 L,₹ 5.45 L
HCV,Bharat Benz,HCV - R 3123 / R 3128,SS Tanker / Gas Tanker,—,—,—,—,₹ 20.98 L,₹ 18.79 L,₹ 16.61 L,₹ 14.42 L,₹ 12.67 L,₹ 10.93 L,₹ 9.18 L,₹ 7.87 L,₹ 6.99 L,₹ 5.68 L
HCV,Bharat Benz,HCV - R 3723 / R 3828,Goods,—,—,—,—,₹ 20.90 L,₹ 18.81 L,₹ 16.72 L,₹ 14.63 L,₹ 12.96 L,₹ 11.29 L,₹ 9.61 L,₹ 8.36 L,₹ 7.11 L,₹ 5.85 L
HCV,Bharat Benz,HCV - R 3723 / R 3828,MS Tanker / Bulker / Container,—,—,—,—,₹ 21.88 L,₹ 19.65 L,₹ 17.41 L,₹ 15.18 L,₹ 13.40 L,₹ 11.61 L,₹ 9.82 L,₹ 8.48 L,₹ 7.59 L,₹ 6.25 L
HCV,Bharat Benz,HCV - R 3723 / R 3828,SS Tanker / Gas Tanker,—,—,—,—,₹ 24.62 L,₹ 22.06 L,₹ 19.49 L,₹ 16.93 L,₹ 14.88 L,₹ 12.83 L,₹ 10.77 L,₹ 9.23 L,₹ 8.21 L,₹ 6.67 L
HCV,Tata,Cummins Engine - Series 2515 / 2516 / 2518 / 2523,Goods,—,—,—,—,₹ 18.26 L,₹ 16.79 L,₹ 15.90 L,₹ 15.02 L,₹ 13.25 L,₹ 12.37 L,₹ 10.31 L,₹ 7.95 L,₹ 6.48 L,₹ 5.30 L
HCV,Tata,Cummins Engine - Series 2515 / 2516 / 2518 / 2523,MS Tanker / Bulker / Container,—,—,—,—,₹ 18.81 L,₹ 17.24 L,₹ 16.30 L,₹ 15.36 L,₹ 13.48 L,₹ 12.54 L,₹ 10.66 L,₹ 8.15 L,₹ 6.90 L,₹ 5.64 L
HCV,Tata,Cummins Engine - Series 2515 / 2516 / 2518 / 2523,SS Tanker / Gas Tanker,—,—,—,—,₹ 20.39 L,₹ 18.63 L,₹ 17.58 L,₹ 16.52 L,₹ 14.41 L,₹ 13.36 L,₹ 11.25 L,₹ 8.44 L,₹ 7.38 L,₹ 5.98 L
HCV,Tata,HCV TATA - 3118 / 3123,Goods,—,—,—,—,₹ 24.55 L,₹ 23.10 L,₹ 21.66 L,₹ 20.22 L,₹ 18.41 L,₹ 16.61 L,₹ 14.80 L,₹ 12.27 L,₹ 10.47 L,₹ 8.30 L
HCV,Tata,HCV TATA - 3118 / 3123,MS Tanker / Bulker / Container,—,—,—,—,₹ 25.46 L,₹ 23.94 L,₹ 22.42 L,₹ 20.90 L,₹ 19.00 L,₹ 17.10 L,₹ 15.20 L,₹ 12.54 L,₹ 10.64 L,₹ 8.36 L
HCV,Tata,HCV TATA - 3118 / 3123,SS Tanker / Gas Tanker,—,—,—,—,₹ 28.22 L,₹ 26.51 L,₹ 24.80 L,₹ 23.09 L,₹ 20.95 L,₹ 18.81 L,₹ 16.67 L,₹ 13.68 L,₹ 11.54 L,₹ 8.98 L
HCV,Tata,HCV TATA - 3718 / Tata 3723 / Tata 4223,Goods,—,—,—,—,₹ 27.27 L,₹ 25.71 L,₹ 24.54 L,₹ 22.20 L,₹ 19.86 L,₹ 17.92 L,₹ 16.36 L,—,—,—
HCV,Tata,HCV TATA - 3718 / Tata 3723 / Tata 4223,MS Tanker / Bulker / Container,—,—,—,—,₹ 28.42 L,₹ 26.75 L,₹ 25.50 L,₹ 22.99 L,₹ 20.48 L,₹ 18.39 L,₹ 16.72 L,—,—,—
HCV,Tata,HCV TATA - 3718 / Tata 3723 / Tata 4223,SS Tanker / Gas Tanker,—,—,—,—,₹ 31.98 L,₹ 30.04 L,₹ 28.59 L,₹ 25.68 L,₹ 22.77 L,₹ 20.35 L,₹ 18.41 L,—,—,—
HCV,Tata,TATA LPT/SIGNA - 4225 / 4221 / 4323,Goods,₹ 37.76 L,₹ 33.98 L,₹ 32.12 L,₹ 30.26 L,₹ 28.40 L,—,—,—,—,—,—,—,—,—
HCV,Tata,TATA LPT/SIGNA - 4225 / 4221 / 4323,MS Tanker / Bulker / Container,₹ 39.52 L,₹ 35.57 L,₹ 33.59 L,₹ 31.62 L,₹ 29.64 L,—,—,—,—,—,—,—,—,—
HCV,Tata,TATA LPT/SIGNA - 4225 / 4221 / 4323,SS Tanker / Gas Tanker,₹ 44.22 L,₹ 39.80 L,₹ 37.55 L,₹ 35.31 L,₹ 33.07 L,—,—,—,—,—,—,—,—,—
HCV,Tata,TATA LPT/SIGNA - 4825 / 4823 / 4830,Goods,₹ 41.61 L,₹ 37.45 L,₹ 35.40 L,₹ 33.35 L,₹ 31.29 L,—,—,—,—,—,—,—,—,—
HCV,Tata,TATA LPT/SIGNA - 4825 / 4823 / 4830,MS Tanker / Bulker / Container,₹ 43.32 L,₹ 38.99 L,₹ 36.82 L,₹ 34.66 L,₹ 32.49 L,—,—,—,—,—,—,—,—,—
HCV,Tata,TATA LPT/SIGNA - 4825 / 4823 / 4830,SS Tanker / Gas Tanker,₹ 47.96 L,₹ 43.17 L,₹ 40.74 L,₹ 38.30 L,₹ 35.87 L,—,—,—,—,—,—,—,—,—
HCV,Tata,TATA LPT/SIGNA - 2818 / 2821 / 2823,Goods,₹ 28.51 L,₹ 25.66 L,₹ 24.25 L,₹ 22.85 L,₹ 21.44 L,—,—,—,—,—,—,—,—,—
HCV,Tata,TATA LPT/SIGNA - 2818 / 2821 / 2823,MS Tanker / Bulker / Container,₹ 29.64 L,₹ 26.68 L,₹ 25.19 L,₹ 23.71 L,₹ 22.23 L,—,—,—,—,—,—,—,—,—
HCV,Tata,TATA LPT/SIGNA - 2818 / 2821 / 2823,SS Tanker / Gas Tanker,₹ 32.23 L,₹ 29.00 L,₹ 27.37 L,₹ 25.74 L,₹ 24.10 L,—,—,—,—,—,—,—,—,—
HCV,Tata,TATA LPT/SIGNA - 3518 / 3521 / 3525,Goods,₹ 33.90 L,₹ 30.51 L,₹ 28.84 L,₹ 27.17 L,₹ 25.50 L,—,—,—,—,—,—,—,—,—
HCV,Tata,TATA LPT/SIGNA - 3518 / 3521 / 3525,MS Tanker / Bulker / Container,₹ 34.96 L,₹ 31.46 L,₹ 29.72 L,₹ 27.97 L,₹ 26.22 L,—,—,—,—,—,—,—,—,—
HCV,Tata,TATA LPT/SIGNA - 3518 / 3521 / 3525,SS Tanker / Gas Tanker,₹ 38.22 L,₹ 34.40 L,₹ 32.46 L,₹ 30.52 L,₹ 28.59 L,—,—,—,—,—,—,—,—,—
LCV / ICV,AL,AL - 1015 / AL 1115,Goods,₹ 14.36 L,₹ 12.92 L,₹ 11.97 L,₹ 11.02 L,₹ 10.07 L,—,—,—,—,—,—,—,—,—
LCV / ICV,AL,AL - 1212 / AL 1214,Goods,₹ 16.67 L,₹ 15.00 L,₹ 14.00 L,₹ 13.10 L,₹ 12.00 L,₹ 10.90 L,₹ 10.00 L,₹ 8.10 L,₹ 6.90 L,₹ 6.00 L,₹ 5.10 L,₹ 4.50 L,₹ 4.10 L,₹ 3.85 L
LCV / ICV,AL,AL - 1215 / AL 1415,Goods,₹ 15.79 L,₹ 14.21 L,₹ 13.17 L,₹ 12.12 L,₹ 11.08 L,—,—,—,—,—,—,—,—,—
LCV / ICV,AL,AL - 1615,Goods,₹ 17.23 L,₹ 15.50 L,₹ 14.36 L,₹ 13.22 L,₹ 12.08 L,—,—,—,—,—,—,—,—,—
LCV / ICV,Bharat Benz,Bharat Benz R 1214,Goods,—,—,—,—,₹ 11.88 L,₹ 10.69 L,₹ 9.50 L,₹ 8.31 L,₹ 7.36 L,₹ 6.41 L,₹ 5.46 L,₹ 4.75 L,₹ 4.04 L,₹ 3.33 L
LCV / ICV,Bharat Benz,Bharat Benz 1117 / 1217,Goods,₹ 13.64 L,₹ 12.27 L,₹ 11.37 L,₹ 10.47 L,₹ 9.57 L,—,—,—,—,—,—,—,—,—
LCV / ICV,Bharat Benz,Bharat Benz 1417,Goods,₹ 15.07 L,₹ 13.57 L,₹ 12.57 L,₹ 11.57 L,₹ 10.57 L,—,—,—,—,—,—,—,—,—
LCV / ICV,Bharat Benz,Bharat Benz 914,Goods,—,—,—,—,₹ 9.98 L,₹ 8.98 L,₹ 7.98 L,₹ 6.98 L,₹ 6.18 L,₹ 5.39 L,₹ 4.59 L,₹ 3.99 L,₹ 3.39 L,₹ 2.79 L
LCV / ICV,EICHER,10.49 / 20.49,Goods,₹ 11.51 L,₹ 10.36 L,₹ 9.80 L,₹ 9.10 L,₹ 8.68 L,₹ 8.12 L,₹ 7.76 L,₹ 6.86 L,₹ 6.02 L,₹ 5.32 L,—,—,—,—
LCV / ICV,EICHER,10.50 / 20.50 / 10.55 / 20.55,Goods,₹ 12.33 L,₹ 11.10 L,₹ 10.50 L,₹ 9.75 L,₹ 9.30 L,₹ 8.70 L,₹ 8.10 L,₹ 7.35 L,₹ 6.60 L,₹ 6.00 L,₹ 5.40 L,₹ 4.65 L,₹ 3.90 L,₹ 3.30 L
LCV / ICV,EICHER,10.59 / 20.59,Goods,₹ 14.59 L,₹ 13.13 L,₹ 12.43 L,₹ 11.73 L,₹ 11.03 L,₹ 10.50 L,₹ 9.80 L,₹ 9.10 L,₹ 8.40 L,₹ 7.70 L,₹ 6.83 L,₹ 5.60 L,₹ 4.55 L,₹ 3.85 L
LCV / ICV,EICHER,10.70 / 10.75 / 20.75,Goods,₹ 14.45 L,₹ 13.01 L,₹ 12.30 L,₹ 11.43 L,₹ 10.90 L,₹ 10.19 L,₹ 9.49 L,₹ 8.62 L,₹ 7.73 L,₹ 7.03 L,₹ 6.33 L,₹ 5.27 L,₹ 4.40 L,₹ 3.70 L
LCV / ICV,EICHER,10.80 / 20.80,Goods,₹ 14.84 L,₹ 13.36 L,₹ 12.64 L,₹ 11.73 L,₹ 11.19 L,₹ 10.47 L,₹ 9.75 L,₹ 8.84 L,₹ 7.94 L,₹ 7.22 L,₹ 6.50 L,₹ 5.60 L,₹ 4.69 L,₹ 3.97 L
LCV / ICV,EICHER,10.90 / 20.90,Goods,₹ 16.23 L,₹ 14.61 L,₹ 13.83 L,₹ 13.05 L,₹ 12.27 L,₹ 11.69 L,₹ 10.91 L,₹ 10.13 L,₹ 9.35 L,₹ 8.57 L,₹ 7.60 L,₹ 6.43 L,₹ 5.45 L,₹ 4.48 L
LCV / ICV,EICHER,10.95 / 20.95,Goods,₹ 18.50 L,₹ 16.65 L,₹ 15.75 L,₹ 14.63 L,₹ 13.95 L,₹ 13.05 L,₹ 12.15 L,₹ 11.03 L,₹ 9.90 L,₹ 9.00 L,₹ 8.10 L,₹ 6.98 L,₹ 5.85 L,₹ 4.95 L
LCV / ICV,EICHER,11.10 / 11.12 / 21.10,Goods,₹ 19.00 L,₹ 17.10 L,₹ 16.58 L,₹ 16.00 L,₹ 15.00 L,₹ 14.10 L,₹ 13.20 L,₹ 12.30 L,₹ 11.40 L,₹ 10.50 L,₹ 9.60 L,₹ 8.10 L,₹ 6.70 L,₹ 5.50 L
LCV / ICV,EICHER,11.14 / 21.14,Goods,₹ 21.11 L,₹ 19.00 L,₹ 18.43 L,₹ 17.87 L,₹ 16.98 L,₹ 16.13 L,₹ 15.32 L,₹ 14.25 L,₹ 13.25 L,₹ 12.32 L,₹ 11.09 L,₹ 9.98 L,₹ 7.98 L,₹ 6.38 L
LCV / ICV,EICHER,Eicher 3014,Goods,₹ 16.29 L,₹ 14.66 L,₹ 13.96 L,₹ 13.30 L,₹ 13.34 L,₹ 12.42 L,₹ 11.50 L,₹ 10.58 L,₹ 9.66 L,₹ 8.51 L,₹ 7.13 L,₹ 5.98 L,₹ 4.83 L,—
LCV / ICV,EICHER,Eicher 3015,Goods,₹ 22.50 L,₹ 20.25 L,₹ 19.17 L,₹ 18.09 L,₹ 17.01 L,₹ 16.20 L,₹ 15.12 L,₹ 14.04 L,₹ 12.96 L,₹ 11.88 L,₹ 10.53 L,₹ 9.18 L,₹ 7.56 L,₹ 6.21 L
LCV / ICV,TATA,407 Pick Up,Goods,₹ 8.23 L,₹ 7.41 L,₹ 6.84 L,₹ 6.27 L,₹ 5.70 L,₹ 5.13 L,₹ 4.67 L,₹ 4.22 L,₹ 3.76 L,₹ 3.31 L,₹ 2.74 L,₹ 2.39 L,₹ 2.05 L,₹ 1.82 L
LCV / ICV,TATA,ICV TATA - 1412 / 1416 / Ultra T-14 / Ultra K-14,Goods,₹ 16.72 L,₹ 15.05 L,₹ 14.21 L,₹ 13.38 L,₹ 12.54 L,₹ 11.70 L,₹ 10.87 L,₹ 10.03 L,₹ 9.20 L,₹ 8.36 L,₹ 7.32 L,—,—,—
LCV / ICV,TATA,ICV TATA - 1512,Goods,₹ 18.24 L,₹ 16.42 L,₹ 15.50 L,₹ 14.59 L,₹ 13.68 L,₹ 12.77 L,₹ 11.86 L,₹ 10.94 L,₹ 10.03 L,₹ 9.12 L,₹ 7.98 L,—,—,—
LCV / ICV,TATA,ICV TATA - 1518 / Ultra T-17 / T-18,Goods,₹ 19.53 L,₹ 17.58 L,₹ 16.39 L,₹ 15.20 L,₹ 14.49 L,₹ 13.30 L,₹ 11.88 L,₹ 10.45 L,₹ 9.26 L,₹ 8.08 L,₹ 7.13 L,—,—,—
LCV / ICV,TATA,ICV TATA - 1109 / 1112 / 1212 / 1216 / Ultra T-11 / T-12,Goods,₹ 18.33 L,₹ 16.50 L,₹ 15.62 L,₹ 14.74 L,₹ 13.86 L,₹ 13.20 L,₹ 12.54 L,₹ 11.54 L,₹ 11.04 L,₹ 9.85 L,₹ 8.85 L,₹ 8.00 L,₹ 6.50 L,₹ 5.20 L
LCV / ICV,TATA,SFC / LPT - 407 / 412,Goods,₹ 11.51 L,₹ 10.36 L,₹ 9.59 L,₹ 8.97 L,₹ 8.34 L,₹ 7.84 L,₹ 7.43 L,₹ 7.02 L,₹ 6.57 L,₹ 6.12 L,₹ 5.59 L,₹ 5.04 L,₹ 4.46 L,₹ 4.00 L
LCV / ICV,TATA,SFC / LPT - 709 / 710 / 712 / Ultra-T-7,Goods,₹ 13.79 L,₹ 12.41 L,₹ 11.73 L,₹ 10.88 L,₹ 10.20 L,₹ 9.69 L,₹ 9.18 L,₹ 8.50 L,₹ 7.65 L,₹ 6.80 L,₹ 5.95 L,₹ 5.27 L,₹ 4.25 L,₹ 3.40 L
LCV / ICV,TATA,SFC / LPT 909 / 912 / 1012 / Ultra-T-9,Goods,₹ 14.72 L,₹ 13.25 L,₹ 12.00 L,₹ 11.10 L,₹ 10.35 L,₹ 9.50 L,₹ 8.65 L,₹ 8.00 L,₹ 7.45 L,₹ 6.85 L,₹ 6.20 L,₹ 5.25 L,₹ 4.50 L,₹ 3.75 L
LCV / ICV,TATA,Tata SFC / LPT - 510 / 610 / Ultra T-6,Goods,₹ 12.11 L,₹ 10.90 L,₹ 10.31 L,₹ 9.58 L,₹ 8.99 L,—,—,—,—,—,—,—,—,—
MCV,AL,AL - 1815 / 1915 / 1916,Goods,₹ 17.94 L,₹ 16.15 L,₹ 14.96 L,₹ 13.78 L,₹ 12.59 L,—,—,—,—,—,—,—,—,—
MCV,AL,AL 1612 / 1613 / 1616 / 1618,Goods,—,—,—,—,₹ 15.65 L,₹ 14.36 L,₹ 13.34 L,₹ 12.31 L,₹ 11.29 L,₹ 10.26 L,₹ 9.23 L,₹ 7.70 L,₹ 5.90 L,₹ 4.62 L
MCV,AL,AL 1612 / 1613 / 1616 / 1618,MS Tanker / Container,—,—,—,—,₹ 15.96 L,₹ 14.63 L,₹ 13.57 L,₹ 12.50 L,₹ 11.44 L,₹ 10.37 L,₹ 9.31 L,₹ 7.71 L,₹ 6.12 L,₹ 4.79 L
MCV,AL,AL 1612 / 1613 / 1616 / 1618,SS Tanker / Gas Tanker,—,—,—,—,₹ 17.38 L,₹ 15.90 L,₹ 14.73 L,₹ 13.55 L,₹ 12.37 L,₹ 11.19 L,₹ 10.01 L,₹ 8.25 L,₹ 6.48 L,₹ 5.01 L
MCV,AL,AL 1920,Goods,₹ 20.52 L,₹ 18.47 L,₹ 17.44 L,₹ 16.42 L,₹ 15.39 L,—,—,—,—,—,—,—,—,—
MCV,AL,AL 1920,MS Tanker / Container,₹ 20.98 L,₹ 18.89 L,₹ 17.82 L,₹ 16.76 L,₹ 15.69 L,—,—,—,—,—,—,—,—,—
MCV,AL,AL 1920,SS Tanker / Gas Tanker,₹ 23.64 L,₹ 21.28 L,₹ 20.06 L,₹ 18.85 L,₹ 17.63 L,—,—,—,—,—,—,—,—,—
MCV,Bharat Benz,HCV - R 1617 / R 1917,Goods,₹ 20.20 L,₹ 18.18 L,₹ 16.53 L,₹ 14.88 L,₹ 13.22 L,₹ 11.85 L,₹ 10.74 L,₹ 9.64 L,₹ 8.54 L,₹ 7.71 L,₹ 6.89 L,₹ 5.79 L,₹ 4.68 L,₹ 3.86 L
MCV,Bharat Benz,HCV - R 1617 / R 1917,MS Tanker / Bulker / Container,₹ 20.58 L,₹ 18.53 L,₹ 16.82 L,₹ 15.11 L,₹ 13.40 L,₹ 11.97 L,₹ 10.83 L,₹ 9.69 L,₹ 8.55 L,₹ 7.70 L,₹ 6.84 L,₹ 5.70 L,₹ 4.85 L,₹ 3.99 L
MCV,Bharat Benz,HCV - R 1617 / R 1917,SS Tanker / Gas Tanker,₹ 22.29 L,₹ 20.06 L,₹ 18.18 L,₹ 16.30 L,₹ 14.42 L,₹ 12.85 L,₹ 11.60 L,₹ 10.35 L,₹ 9.09 L,₹ 8.15 L,₹ 7.21 L,₹ 5.96 L,₹ 5.02 L,₹ 4.08 L
MCV,EICHER,Eicher 3016 / 3018 / 3019,Goods,₹ 21.28 L,₹ 19.15 L,₹ 17.82 L,₹ 16.49 L,₹ 15.16 L,₹ 13.83 L,₹ 12.77 L,₹ 11.70 L,—,—,—,—,—,—
MCV,TATA,LPT - 1612 / 1613 / 1615 / 1616 / 1618 / 1918,Goods,₹ 22.04 L,₹ 19.84 L,₹ 18.73 L,₹ 17.63 L,₹ 16.53 L,₹ 15.70 L,₹ 14.88 L,₹ 14.05 L,₹ 12.95 L,₹ 11.85 L,₹ 10.47 L,₹ 8.54 L,₹ 6.61 L,₹ 4.68 L
MCV,TATA,LPT - 1612 / 1613 / 1615 / 1616 / 1618 / 1918,MS Tanker / Container,₹ 22.48 L,₹ 20.24 L,₹ 19.10 L,₹ 17.96 L,₹ 16.82 L,₹ 15.96 L,₹ 15.11 L,₹ 14.25 L,₹ 13.11 L,₹ 11.97 L,₹ 10.55 L,₹ 8.84 L,₹ 7.13 L,₹ 5.13 L
MCV,TATA,LPT - 1612 / 1613 / 1615 / 1616 / 1618 / 1918,SS Tanker / Gas Tanker,₹ 24.38 L,₹ 21.95 L,₹ 20.69 L,₹ 19.44 L,₹ 18.18 L,₹ 17.24 L,₹ 16.30 L,₹ 15.36 L,₹ 14.11 L,₹ 12.85 L,₹ 11.29 L,₹ 9.41 L,₹ 7.52 L,₹ 5.33 L
MCV,TATA,SE - 1612 / 1613 / 1616,Goods,₹ 15.54 L,₹ 13.98 L,₹ 13.11 L,₹ 12.24 L,₹ 11.14 L,₹ 10.05 L,₹ 9.18 L,₹ 8.30 L,₹ 7.43 L,₹ 6.56 L,₹ 5.68 L,₹ 5.03 L,₹ 4.37 L,₹ 3.71 L
Pick Up,AL,AL Bada Dost,Goods,₹ 8.61 L,₹ 7.75 L,₹ 7.30 L,₹ 6.90 L,₹ 6.50 L,—,—,—,—,—,—,—,—,—
Pick Up,AL,AL Dost -Lite / Dost -Strong - (LE/LS/LX),Goods,₹ 7.39 L,₹ 6.65 L,₹ 6.19 L,₹ 5.75 L,₹ 5.34 L,₹ 4.97 L,₹ 4.62 L,₹ 4.16 L,₹ 3.87 L,₹ 3.27 L,₹ 2.80 L,₹ 2.43 L,₹ 2.19 L,—
Pick Up,AL,AL Dost Plus - (LE/LS/LX),Goods,₹ 7.78 L,₹ 7.00 L,₹ 6.60 L,₹ 6.10 L,₹ 5.70 L,₹ 5.25 L,₹ 4.90 L,₹ 4.50 L,₹ 4.20 L,₹ 3.75 L,₹ 3.10 L,₹ 2.60 L,₹ 2.30 L,—
Pick Up,M & M,Bolero Camper,Goods,₹ 8.22 L,₹ 7.40 L,₹ 7.10 L,₹ 6.80 L,₹ 6.40 L,₹ 6.00 L,₹ 5.40 L,₹ 5.10 L,₹ 4.70 L,₹ 4.40 L,₹ 4.00 L,₹ 3.50 L,₹ 3.00 L,—
Pick Up,M & M,Bolero Maxi Truck,Goods,₹ 8.89 L,₹ 8.00 L,₹ 7.50 L,₹ 7.10 L,₹ 6.70 L,₹ 6.30 L,₹ 6.00 L,₹ 5.60 L,₹ 5.30 L,₹ 5.00 L,₹ 4.75 L,₹ 4.20 L,₹ 4.00 L,—
Pick Up,M & M,Bolero Pick Up / Max Pick Up,Goods,₹ 10.22 L,₹ 9.20 L,₹ 8.60 L,₹ 8.20 L,₹ 7.80 L,₹ 7.40 L,₹ 7.10 L,₹ 6.70 L,₹ 6.40 L,₹ 6.10 L,₹ 5.50 L,₹ 5.10 L,₹ 4.50 L,—
Pick Up,TATA,Tata Intra V-10,Goods,₹ 6.38 L,₹ 5.74 L,₹ 5.33 L,₹ 4.93 L,₹ 4.52 L,₹ 4.12 L,₹ 3.71 L,—,—,—,—,—,—,—
Pick Up,TATA,Tata Intra V-20,Goods,₹ 7.33 L,₹ 6.59 L,₹ 6.23 L,₹ 5.87 L,₹ 5.23 L,—,—,—,—,—,—,—,—,—
Pick Up,TATA,Tata Intra V-30,Goods,₹ 6.94 L,₹ 6.25 L,₹ 5.70 L,₹ 5.10 L,₹ 4.65 L,₹ 4.10 L,—,—,—,—,—,—,—,—
Pick Up,TATA,Tata Intra V-50,Goods,₹ 8.10 L,₹ 7.29 L,₹ 6.89 L,₹ 6.49 L,—,—,—,—,—,—,—,—,—,—
SCV,M & M,Mahindra Jeeto,Goods,₹ 4.00 L,₹ 3.60 L,₹ 3.30 L,₹ 3.10 L,₹ 2.80 L,₹ 2.55 L,₹ 2.30 L,₹ 2.00 L,₹ 1.80 L,₹ 1.50 L,—,—,—,—
SCV,M & M,Mahindra Supro,Goods,₹ 5.15 L,₹ 4.64 L,₹ 4.28 L,₹ 3.92 L,₹ 3.64 L,₹ 3.35 L,₹ 2.99 L,₹ 2.64 L,₹ 2.07 L,—,—,—,—,—
SCV,Maruti,Super Carry Diesel,Goods,—,—,—,—,₹ 2.76 L,₹ 2.57 L,₹ 2.35 L,₹ 2.08 L,₹ 1.85 L,—,—,—,—,—
SCV,Maruti,Super Carry Petrol / CNG,Goods,₹ 4.50 L,₹ 4.05 L,₹ 3.70 L,₹ 3.30 L,₹ 3.00 L,₹ 2.60 L,₹ 2.10 L,₹ 1.90 L,₹ 1.75 L,—,—,—,—,—
SCV,TATA,Tata ACE - HT / HT+ / Gold (Diesel),Goods,₹ 5.70 L,₹ 5.13 L,₹ 4.75 L,₹ 4.40 L,₹ 4.10 L,₹ 3.60 L,₹ 3.40 L,₹ 3.10 L,₹ 2.80 L,₹ 2.50 L,₹ 2.20 L,₹ 1.80 L,₹ 1.60 L,—
SCV,TATA,Tata ACE - Super / Mint,Goods,₹ 5.32 L,₹ 4.79 L,₹ 4.52 L,₹ 4.26 L,₹ 3.92 L,₹ 3.59 L,₹ 3.39 L,₹ 3.13 L,₹ 2.86 L,—,—,—,—,—
SCV,TATA,Tata ACE - EX / HD / Mega / Décor & Gold (Petrol),Goods,₹ 3.67 L,₹ 3.30 L,₹ 3.13 L,₹ 2.97 L,₹ 2.82 L,₹ 2.68 L,₹ 2.55 L,₹ 2.42 L,₹ 2.10 L,₹ 1.80 L,—,—,—,—
SCV,TATA,Tata ACE - Zip,Goods,₹ 2.04 L,₹ 1.83 L,₹ 1.64 L,₹ 1.48 L,₹ 1.33 L,₹ 1.13 L,₹ 0.96 L,₹ 0.82 L,₹ 0.69 L,—,—,—,—,—
Tipper,AL,AL - 3116 / 3118 / 3123 Tipper,Tipper,—,—,—,—,₹ 24.74 L,₹ 23.14 L,₹ 21.55 L,₹ 19.95 L,₹ 17.96 L,₹ 15.56 L,₹ 13.17 L,₹ 10.77 L,₹ 8.78 L,—
Tipper,AL,AL - 3718 Tipper,Tipper,—,—,—,—,₹ 25.50 L,₹ 23.83 L,₹ 22.15 L,₹ 20.48 L,₹ 18.39 L,₹ 15.88 L,₹ 13.38 L,₹ 10.97 L,₹ 9.20 L,—
Tipper,AL,AL - 2515 / 2516 / 2518 tipper,Tipper,—,—,—,—,₹ 22.61 L,₹ 21.28 L,₹ 19.95 L,₹ 18.62 L,₹ 17.29 L,₹ 15.96 L,₹ 13.30 L,₹ 10.64 L,₹ 8.31 L,₹ 7.32 L
Tipper,AL,AL - 2523 tipper,Tipper,—,—,—,—,₹ 22.57 L,₹ 21.20 L,₹ 19.84 L,₹ 18.47 L,₹ 17.10 L,₹ 15.05 L,₹ 12.31 L,₹ 9.92 L,₹ 8.21 L,₹ 7.18 L
Tipper,Bharat Benz,Bharat Benz C 2523 / C 2528 tipper,Tipper,—,—,—,—,₹ 19.95 L,₹ 17.96 L,₹ 15.96 L,₹ 14.36 L,₹ 12.77 L,₹ 11.17 L,₹ 9.58 L,₹ 8.38 L,₹ 7.18 L,₹ 5.99 L
Tipper,TATA,Tata - 2516 / 2518 tipper,Tipper,—,—,—,—,₹ 23.26 L,₹ 21.89 L,₹ 20.52 L,₹ 19.15 L,₹ 17.78 L,₹ 16.42 L,₹ 14.02 L,₹ 11.63 L,₹ 9.23 L,₹ 7.52 L
Tipper,TATA,Tata - 2523 / 2528 tipper,Tipper,—,—,—,—,₹ 23.20 L,₹ 21.79 L,₹ 20.39 L,₹ 18.98 L,₹ 17.58 L,₹ 15.47 L,₹ 12.65 L,₹ 10.19 L,₹ 8.79 L,₹ 7.38 L
Tipper,TATA,Tata - LPK 3118 / 3123 tipper,Tipper,—,—,—,—,₹ 27.93 L,₹ 25.14 L,₹ 22.34 L,₹ 19.95 L,₹ 17.96 L,₹ 16.36 L,₹ 13.97 L,₹ 11.57 L,₹ 8.78 L,—
Tipper,TATA,Tata - LPK 3718 tipper / Tata 4823 tipper,Tipper,—,—,—,—,₹ 27.79 L,₹ 25.65 L,₹ 23.51 L,₹ 21.38 L,₹ 18.81 L,₹ 16.25 L,₹ 14.54 L,—,—,—
Tipper,TATA,Tata LPT 3118 / 3518 tipper (only for Gujarat),Tipper,—,—,—,—,₹ 22.20 L,₹ 20.25 L,₹ 18.70 L,₹ 17.53 L,₹ 15.58 L,₹ 14.02 L,₹ 12.46 L,₹ 10.91 L,₹ 9.74 L,₹ 8.57 L
TIPPER-HCV,AL,AL - 4225 / 4220 TIPPER,TIPPER,₹ 43.47 L,₹ 39.12 L,₹ 36.92 L,₹ 34.71 L,₹ 32.51 L,—,—,—,—,—,—,—,—,—
TIPPER-HCV,AL,AL - 4825 TIPPER / 4830 tipper,TIPPER,₹ 45.72 L,₹ 41.14 L,₹ 38.83 L,₹ 36.51 L,₹ 34.19 L,—,—,—,—,—,—,—,—,—
TIPPER-HCV,AL,AL - 2820 / 2825 / 2832 tipper,TIPPER,₹ 34.47 L,₹ 31.03 L,₹ 29.28 L,₹ 27.53 L,₹ 25.78 L,—,—,—,—,—,—,—,—,—
TIPPER-HCV,AL,AL - 3520 / 3525 / 3532 tipper,TIPPER,₹ 40.47 L,₹ 36.42 L,₹ 34.37 L,₹ 32.32 L,₹ 30.27 L,—,—,—,—,—,—,—,—,—
TIPPER-HCV,Bharat Benz,Bharat Benz 2823 / 2828 / 2832 tipper,TIPPER,₹ 33.74 L,₹ 30.36 L,₹ 28.13 L,₹ 25.90 L,₹ 23.66 L,—,—,—,—,—,—,—,—,—
TIPPER-HCV,Bharat Benz,Bharat Benz 3523 / 3528 / 3532 tipper,TIPPER,₹ 38.76 L,₹ 34.88 L,₹ 32.32 L,₹ 29.75 L,₹ 27.19 L,—,—,—,—,—,—,—,—,—
TIPPER-HCV,Bharat Benz,Bharat Benz 4228 tipper,TIPPER,₹ 41.63 L,₹ 37.47 L,₹ 34.71 L,₹ 31.96 L,₹ 29.20 L,—,—,—,—,—,—,—,—,—
TIPPER-HCV,Bharat Benz,Bharat Benz 4828 tipper,TIPPER,₹ 43.78 L,₹ 39.41 L,₹ 36.51 L,₹ 33.61 L,₹ 30.71 L,—,—,—,—,—,—,—,—,—
TIPPER-HCV,TATA,Tata 2823 / 2825 / 2830 tipper,TIPPER,₹ 35.72 L,₹ 32.15 L,₹ 30.36 L,₹ 28.58 L,₹ 26.79 L,—,—,—,—,—,—,—,—,—
TIPPER-HCV,TATA,Tata 3523 / 3525 / 3530 tipper,TIPPER,₹ 41.80 L,₹ 37.62 L,₹ 35.53 L,₹ 33.44 L,₹ 31.35 L,—,—,—,—,—,—,—,—,—
TIPPER-HCV,TATA,Tata 4225 / 4221 / 4230 tipper,TIPPER,₹ 44.84 L,₹ 40.36 L,₹ 38.11 L,₹ 35.87 L,₹ 33.63 L,—,—,—,—,—,—,—,—,—
TIPPER-HCV,TATA,Tata 4825 / 4830 tipper,TIPPER,₹ 48.64 L,₹ 43.78 L,₹ 41.34 L,₹ 38.91 L,₹ 36.48 L,—,—,—,—,—,—,—,—,—
TIPPER-MCV,AL,AL - 1611 / 1612 / 1613 / 1616 / 1618 tipper,TIPPER,—,—,—,—,₹ 16.93 L,₹ 16.16 L,₹ 15.13 L,₹ 14.11 L,₹ 13.08 L,₹ 11.54 L,₹ 9.75 L,₹ 8.46 L,₹ 6.67 L,₹ 4.87 L
TIPPER-MCV,AL,AL - 1920 T tipper,TIPPER,₹ 26.98 L,₹ 24.28 L,₹ 22.91 L,₹ 21.55 L,₹ 20.18 L,—,—,—,—,—,—,—,—,—
TIPPER-MCV,Bharat Benz,Bharat Benz C 1623 tipper,Tipper,—,—,—,—,₹ 15.50 L,₹ 13.98 L,₹ 12.46 L,₹ 10.94 L,₹ 9.73 L,₹ 8.51 L,₹ 7.30 L,₹ 6.38 L,₹ 5.47 L,₹ 4.56 L
TIPPER-MCV,Bharat Benz,Bharat Benz C 1923 / C 1926 tipper,TIPPER,₹ 27.28 L,₹ 24.55 L,₹ 22.74 L,₹ 20.94 L,₹ 19.13 L,—,—,—,—,—,—,—,—,—
TIPPER-MCV,Tata,SE - 1612 / 1613 / 1616 / 1618 Tipper,Tipper,—,—,—,—,₹ 10.97 L,₹ 9.98 L,₹ 8.98 L,₹ 7.98 L,₹ 6.98 L,₹ 6.18 L,₹ 5.39 L,₹ 4.59 L,₹ 3.79 L,₹ 3.19 L
TIPPER-MCV,Tata,SK 1612 / 1613 / 1616 / 1618 Tipper,Tipper,—,—,—,—,₹ 17.56 L,₹ 16.49 L,₹ 15.43 L,₹ 14.36 L,₹ 13.30 L,₹ 11.97 L,₹ 10.11 L,₹ 8.25 L,₹ 6.38 L,₹ 5.05 L
TIPPER-MCV,Tata,Tata - LPK 1613 / 1616 / 1618 Tipper,Tipper,—,—,—,—,₹ 15.81 L,₹ 14.82 L,₹ 13.83 L,₹ 12.84 L,₹ 11.86 L,₹ 10.62 L,₹ 8.89 L,₹ 7.16 L,₹ 5.43 L,₹ 4.20 L
TIPPER-MCV,Tata,Tata Signa 1923 / 1918 / LPK 1923 / LPK 1918 tipper,TIPPER,₹ 28.12 L,₹ 25.31 L,₹ 23.90 L,₹ 22.50 L,₹ 21.09 L,—,—,—,—,—,—,—,—,—
TRACTOR,AL,AL 4020 / 4220 / 4225 Trailer,Tip Trailer / Bulker / Tanker,₹ 30.59 L,₹ 27.53 L,₹ 25.94 L,₹ 24.34 L,₹ 22.74 L,—,—,—,—,—,—,—,—,—
TRACTOR,AL,AL 4020 / 4220 / 4225 Trailer,TRAILER,₹ 28.48 L,₹ 25.63 L,₹ 24.19 L,₹ 22.74 L,₹ 21.30 L,—,—,—,—,—,—,—,—,—
TRACTOR,AL,AL 4420 / 4425 / 4620 Trailer,Tip Trailer / Bulker / Tanker,₹ 32.05 L,₹ 28.84 L,₹ 27.17 L,₹ 25.50 L,₹ 23.83 L,—,—,—,—,—,—,—,—,—
TRACTOR,AL,AL 4420 / 4425 / 4620 Trailer,TRAILER,₹ 29.98 L,₹ 26.98 L,₹ 25.46 L,₹ 23.94 L,₹ 22.42 L,—,—,—,—,—,—,—,—,—
TRACTOR,AL,AL 5225 / 5525 / 5530 Trailer (10 W),Tip Trailer / Bulker / Tanker,₹ 39.48 L,₹ 35.53 L,₹ 32.92 L,₹ 30.31 L,₹ 28.22 L,—,—,—,—,—,—,—,—,—
TRACTOR,AL,AL 5225 / 5525 / 5530 Trailer (10 W),TRAILER,₹ 37.68 L,₹ 33.92 L,₹ 31.49 L,₹ 29.07 L,₹ 27.13 L,—,—,—,—,—,—,—,—,—
TRACTOR,AL,AL 5525 / 5425 / 5225 Trailer (6 W),Tip Trailer / Bulker / Tanker,₹ 38.60 L,₹ 34.74 L,₹ 32.73 L,₹ 30.71 L,₹ 28.70 L,—,—,—,—,—,—,—,—,—
TRACTOR,AL,AL 5525 / 5425 / 5225 Trailer (6 W),TRAILER,₹ 36.72 L,₹ 33.05 L,₹ 31.19 L,₹ 29.33 L,₹ 27.46 L,—,—,—,—,—,—,—,—,—
TRACTOR,TATA,Tata Signa 4018 / Prima 4023 / 4025 / 4028 trailer,Tip Trailer / Bulker / Tanker,₹ 32.51 L,₹ 29.26 L,₹ 27.59 L,₹ 25.92 L,₹ 24.24 L,—,—,—,—,—,—,—,—,—
TRACTOR,TATA,Tata Signa 4018 / Prima 4023 / 4025 / 4028 trailer,TRAILER,₹ 30.40 L,₹ 27.36 L,₹ 25.84 L,₹ 24.32 L,₹ 22.80 L,—,—,—,—,—,—,—,—,—
TRACTOR,TATA,Tata Signa 4623 / 4625 / 4630 trailer,Tip Trailer / Bulker / Tanker,₹ 33.99 L,₹ 30.59 L,₹ 28.84 L,₹ 27.09 L,₹ 25.35 L,—,—,—,—,—,—,—,—,—
TRACTOR,TATA,Tata Signa 4623 / 4625 / 4630 trailer,TRAILER,₹ 31.92 L,₹ 28.73 L,₹ 27.13 L,₹ 25.54 L,₹ 23.94 L,—,—,—,—,—,—,—,—,—
TRACTOR,TATA,Tata Signa 5523 / 5525 / 5530 (6 W) trailer,Tip Trailer / Bulker / Tanker,₹ 39.48 L,₹ 35.53 L,₹ 32.92 L,₹ 30.31 L,₹ 27.69 L,—,—,—,—,—,—,—,—,—
TRACTOR,TATA,Tata Signa 5523 / 5525 / 5530 (6 W) trailer,TRAILER,₹ 37.68 L,₹ 33.92 L,₹ 31.49 L,₹ 29.07 L,₹ 26.65 L,—,—,—,—,—,—,—,—,—
TRACTOR,TATA,Tata Signa 5530 trailer (10 W),Tip Trailer / Bulker / Tanker,₹ 40.91 L,₹ 36.82 L,₹ 34.11 L,₹ 31.41 L,₹ 28.70 L,—,—,—,—,—,—,—,—,—
TRACTOR,TATA,Tata Signa 5530 trailer (10 W),TRAILER,₹ 39.16 L,₹ 35.25 L,₹ 32.73 L,₹ 30.21 L,₹ 27.69 L,—,—,—,—,—,—,—,—,—
TRAILER,AL,3516 / 3518 trailer,TRAILER,—,—,—,—,₹ 12.30 L,₹ 11.31 L,₹ 10.64 L,₹ 9.64 L,₹ 8.65 L,₹ 7.32 L,₹ 6.32 L,₹ 5.65 L,₹ 4.66 L,₹ 3.99 L
TRAILER,AL,4018 / 4019 / 4020 / 4028,Tip Trailer / Bulker / Tanker,—,—,—,—,₹ 23.37 L,₹ 21.81 L,₹ 20.25 L,₹ 18.70 L,₹ 16.75 L,₹ 14.80 L,₹ 12.07 L,₹ 10.13 L,₹ 8.57 L,₹ 6.62 L
TRAILER,AL,4018 / 4019 / 4020 / 4028 trailer,TRAILER,—,—,—,—,₹ 21.55 L,₹ 20.18 L,₹ 18.81 L,₹ 17.44 L,₹ 15.73 L,₹ 14.02 L,₹ 11.63 L,₹ 9.92 L,₹ 7.87 L,₹ 6.16 L
TRAILER,AL,AL 4923 Trailer,Tip Trailer / Bulker / Tanker,—,—,—,—,₹ 25.65 L,₹ 24.70 L,₹ 22.80 L,₹ 20.90 L,₹ 18.53 L,₹ 16.15 L,₹ 13.78 L,₹ 11.40 L,₹ 9.50 L,₹ 7.60 L
TRAILER,AL,AL 4923 Trailer,TRAILER,—,—,—,—,₹ 25.78 L,₹ 24.04 L,₹ 22.29 L,₹ 20.54 L,₹ 18.35 L,₹ 16.17 L,₹ 13.55 L,₹ 11.36 L,₹ 9.18 L,₹ 7.43 L
TRAILER,TATA,LPS 3516 / 3518 / 3521 trailer,TRAILER,—,—,—,—,₹ 12.65 L,₹ 11.63 L,₹ 10.60 L,₹ 9.92 L,₹ 8.89 L,₹ 7.87 L,₹ 7.52 L,₹ 6.84 L,₹ 5.81 L,₹ 5.13 L
TRAILER,TATA,LPS 4018 / 4019 / 4028 / 4623 trailer,Tip Trailer / Bulker / Tanker,—,—,—,—,₹ 25.33 L,₹ 23.69 L,₹ 21.65 L,₹ 20.02 L,₹ 18.38 L,₹ 16.34 L,₹ 13.89 L,₹ 11.44 L,₹ 8.99 L,₹ 7.35 L
TRAILER,TATA,LPS 4018 / 4019 / 4028 / 4623 trailer,TRAILER,—,—,—,—,₹ 23.47 L,₹ 22.02 L,₹ 20.22 L,₹ 18.77 L,₹ 17.33 L,₹ 15.52 L,₹ 13.36 L,₹ 11.19 L,₹ 8.66 L,₹ 6.50 L
TRAILER,TATA,Tata 4923 / 4928 / 4930 / 4938 / 5023 / 5030 Trailer,Tip Trailer / Bulker / Tanker,—,—,—,—,₹ 28.10 L,₹ 26.16 L,₹ 24.23 L,₹ 22.29 L,₹ 20.35 L,₹ 18.41 L,₹ 15.99 L,₹ 12.60 L,₹ 10.17 L,₹ 8.72 L
TRAILER,TATA,Tata 4923 / 4928 / 4930 / 4938 / 5023 / 5030 Trailer,TRAILER,—,—,—,—,₹ 27.24 L,₹ 25.45 L,₹ 23.66 L,₹ 21.88 L,₹ 20.09 L,₹ 18.31 L,₹ 16.07 L,₹ 12.95 L,₹ 9.82 L,₹ 8.04 L
